timestamp;x;y;theta
1677512291351;-0.634459488066019;2.0382;0
1677512291370;-0.634459488066019;2.0382;0
1677512291388;-0.634459488066019;2.0382;0
1677512291408;-0.634459488066019;2.0382;0
1677512291433;-0.634459488066019;2.0382;0
1677512291453;-0.634459488066019;2.0382;0
1677512291469;-0.634459488066019;2.0382;0
1677512291494;-0.634459488066019;2.0382;0
1677512291512;-0.634459488066019;2.0382;0
1677512291536;-0.634459488066019;2.0382;0
1677512291552;-0.634459488066019;2.0382;0
1677512291571;-0.634459488066019;2.0382;0
1677512291588;-0.634459488066019;2.0382;0
1677512291613;-0.634459488066019;2.0382;0
1677512291632;-0.634459488066019;2.0382;0
1677512291652;-0.634459488066019;2.0382;0
1677512291669;-0.634459488066019;2.0382;0
1677512291693;-0.634459488066019;2.0382;0
1677512291712;-0.634459488066019;2.0382;0
1677512291736;-0.634459488066019;2.0382;0
1677512291749;-0.634459488066019;2.0382;0
1677512291770;-0.634459488066019;2.0382;0
1677512291791;-0.634459488066019;2.0382;0
1677512291816;-0.634459488066019;2.0382;0
1677512291832;-0.634459488066019;2.0382;0
1677512291851;-0.634459488066019;2.0382;0
1677512291872;-0.634459488066019;2.0382;0
1677512291889;-0.634459488066019;2.0382;0
1677512291908;-0.634459488066019;2.0382;0
1677512291934;-0.634459488066019;2.0382;0
1677512291950;-0.634459488066019;2.0382;0
1677512291971;-0.634459488066019;2.0382;0
1677512291990;-0.634459488066019;2.0382;0
1677512292008;-0.634459488066019;2.0382;0
1677512292030;-0.634459488066019;2.0382;0
1677512292056;-0.634459488066019;2.0382;0
1677512292073;-0.634459488066019;2.0382;0
1677512292088;-0.634459488066019;2.0382;0
1677512292111;-0.634459488066019;2.0382;0
1677512292134;-0.634459488066019;2.0382;0
1677512292150;-0.634459488066019;2.0382;0
1677512292171;-0.634459488066019;2.0382;0
1677512292191;-0.634459488066019;2.0382;0
1677512292208;-0.634459488066019;2.0382;0
1677512292229;-0.634459488066019;2.0382;0
1677512292255;-0.634459488066019;2.0382;0
1677512292274;-0.634459488066019;2.0382;0
1677512292288;-0.634459488066019;2.0382;0
1677512292312;-0.634459488066019;2.0382;0
1677512292334;-0.634459488066019;2.0382;0
1677512292349;-0.634459488066019;2.0382;0
1677512292370;-0.634459488066019;2.0382;0
1677512292388;-0.634459488066019;2.0382;0
1677512292416;-0.634459488066019;2.0382;0
1677512292430;-0.634459488066019;2.0382;0
1677512292453;-0.634459488066019;2.0382;0
1677512292474;-0.634459488066019;2.0382;0
1677512292488;-0.634459488066019;2.0382;0
1677512292512;-0.634459488066019;2.0382;0
1677512292536;-0.634459488066019;2.0382;0
1677512292555;-0.634459488066019;2.0382;0
1677512292569;-0.634459488066019;2.0382;0
1677512292589;-0.634459488066019;2.0382;0
1677512292608;-0.634459488066019;2.0382;0
1677512292633;-0.634459488066019;2.0382;0
1677512292654;-0.634459488066019;2.0382;0
1677512292671;-0.634459488066019;2.0382;0
1677512292689;-0.634459488066019;2.0382;0
1677512292712;-0.634459488066019;2.0382;0
1677512292733;-0.634459488066019;2.0382;0
1677512292753;-0.634459488066019;2.0382;0
1677512292771;-0.634459488066019;2.0382;0
1677512292789;-0.634459488066019;2.0382;0
1677512292815;-0.634459488066019;2.0382;0
1677512292832;-0.634459488066019;2.0382;0
1677512292853;-0.634459488066019;2.0382;0
1677512292872;-0.634459488066019;2.0382;0
1677512292890;-0.634459488066019;2.0382;0
1677512292909;-0.634459488066019;2.0382;0
1677512292933;-0.634459488066019;2.0382;0
1677512292952;-0.634459488066019;2.0382;0
1677512292970;-0.634459488066019;2.0382;0
1677512292989;-0.634459488066019;2.0382;0
1677512293009;-0.634459488066019;2.0382;0
1677512293031;-0.634459488066019;2.0382;0
1677512293053;-0.634459488066019;2.0382;0
1677512293071;-0.634459488066019;2.0382;0
1677512293092;-0.634459488066019;2.0382;0
1677512293111;-0.634459488066019;2.0382;0
1677512293133;-0.634459488066019;2.0382;0
1677512293156;-0.634459488066019;2.0382;0
1677512293170;-0.634459488066019;2.0382;0
1677512293189;-0.634459488066019;2.0382;0
1677512293210;-0.634459488066019;2.0382;0
1677512293233;-0.634459488066019;2.0382;0
1677512293254;-0.634459488066019;2.0382;0
1677512293272;-0.634459488066019;2.0382;0
1677512293291;-0.634459488066019;2.0382;0
1677512293309;-0.634459488066019;2.0382;0
1677512293338;-0.634459488066019;2.0382;0
1677512293352;-0.634459488066019;2.0382;0
1677512293371;-0.634459488066019;2.0382;0
1677512293388;-0.634459488066019;2.0382;0
1677512293411;-0.634459488066019;2.0382;0
1677512293430;-0.634459488066019;2.0382;0
1677512293453;-0.634459488066019;2.0382;0
1677512293471;-0.634459488066019;2.0382;0
1677512293491;-0.634459488066019;2.0382;0
1677512293513;-0.634459488066019;2.0382;0
1677512293538;-0.634459488066019;2.0382;0
1677512293554;-0.634459488066019;2.0382;0
1677512293571;-0.634459488066019;2.0382;0
1677512293590;-0.634459488066019;2.0382;0
1677512293615;-0.634459488066019;2.0382;0
1677512293632;-0.634459488066019;2.0382;0
1677512293653;-0.634459488066019;2.0382;0
1677512293670;-0.634459488066019;2.0382;0
1677512293692;-0.634459488066019;2.0382;0
1677512293709;-0.634459488066019;2.0382;0
1677512293735;-0.634459488066019;2.0382;0
1677512293756;-0.634459488066019;2.0382;0
1677512293774;-0.634459488066019;2.0382;0
1677512293789;-0.634459488066019;2.0382;0
1677512293816;-0.634459488066019;2.0382;0
1677512293829;-0.634459488066019;2.0382;0
1677512293854;-0.634459488066019;2.0382;0
1677512293872;-0.634459488066019;2.0382;0
1677512293890;-0.634459488066019;2.0382;0
1677512293909;-0.634459488066019;2.0382;0
1677512293934;-0.634459488066019;2.0382;0
1677512293950;-0.634459488066019;2.0382;0
1677512293972;-0.634459488066019;2.0382;0
1677512293990;-0.634459488066019;2.0382;0
1677512294016;-0.634459488066019;2.0382;0
1677512294030;-0.634459488066019;2.0382;0
1677512294055;-0.634459488066019;2.0382;0
1677512294071;-0.634459488066019;2.0382;0
1677512294090;-0.634459488066019;2.0382;0
1677512294109;-0.634459488066019;2.0382;0
1677512294134;-0.634459488066019;2.0382;0
1677512294150;-0.634459488066019;2.0382;0
1677512294173;-0.634459488066019;2.0382;0
1677512294189;-0.634459488066019;2.0382;0
1677512294215;-0.634459488066019;2.0382;0
1677512294229;-0.634459488066019;2.0382;0
1677512294267;-0.634459488066019;2.0382;0
1677512294272;-0.634459488066019;2.0382;0
1677512294291;-0.634459488066019;2.0382;0
1677512294313;-0.634459488066019;2.0382;0
1677512294337;-0.634459488066019;2.0382;0
1677512294351;-0.634459488066019;2.0382;0
1677512294371;-0.634459488066019;2.0382;0
1677512294390;-0.634459488066019;2.0382;0
1677512294415;-0.634459488066019;2.0382;0
1677512294429;-0.634459488066019;2.0382;0
1677512294452;-0.634459488066019;2.0382;0
1677512294468;-0.634459488066019;2.0382;0
1677512294495;-0.634459488066019;2.0382;0
1677512294514;-0.634459488066019;2.0382;0
1677512294536;-0.634459488066019;2.0382;0
1677512294549;-0.634459488066019;2.0382;0
1677512294569;-0.634459488066019;2.0382;0
1677512294589;-0.634459488066019;2.0382;0
1677512294617;-0.634459488066019;2.0382;0
1677512294629;-0.634459488066019;2.0382;0
1677512294653;-0.634459488066019;2.0382;0
1677512294670;-0.634459488066019;2.0382;0
1677512294698;-0.634459488066019;2.0382;0
1677512294713;-0.634459488066019;2.0382;0
1677512294736;-0.634459488066019;2.0382;0
1677512294749;-0.634459488066019;2.0382;0
1677512294769;-0.634459488066019;2.0382;0
1677512294792;-0.634459488066019;2.0382;0
1677512294818;-0.634459488066019;2.0382;0
1677512294832;-0.634459488066019;2.0382;0
1677512294853;-0.634459488066019;2.0382;0
1677512294872;-0.634459488066019;2.0382;0
1677512294890;-0.634459488066019;2.0382;0
1677512294911;-0.634459488066019;2.0382;0
1677512294934;-0.634459488066019;2.0382;0
1677512294950;-0.634459488066019;2.0382;0
1677512294971;-0.634459488066019;2.0382;0
1677512294989;-0.634459488066019;2.0382;0
1677512295016;-0.634459488066019;2.0382;0
1677512295029;-0.634459488066019;2.0382;0
1677512295056;-0.634459488066019;2.0382;0
1677512295072;-0.634459488066019;2.0382;0
1677512295093;-0.634459488066019;2.0382;0
1677512295113;-0.634459488066019;2.0382;0
1677512295134;-0.634459488066019;2.0382;0
1677512295150;-0.634459488066019;2.0382;0
1677512295172;-0.634459488066019;2.0382;0
1677512295189;-0.634459488066019;2.0382;0
1677512295217;-0.634459488066019;2.0382;0
1677512295230;-0.634459488066019;2.0382;0
1677512295254;-0.634459488066019;2.0382;0
1677512295272;-0.634459488066019;2.0382;0
1677512295292;-0.634459488066019;2.0382;0
1677512295313;-0.634459488066019;2.0382;0
1677512295337;-0.634459488066019;2.0382;0
1677512295355;-0.634459488066019;2.0382;0
1677512295372;-0.634459488066019;2.0382;0
1677512295389;-0.634459488066019;2.0382;0
1677512295416;-0.634459488066019;2.0382;0
1677512295430;-0.634459488066019;2.0382;0
1677512295454;-0.634459488066019;2.0382;0
1677512295470;-0.634459488066019;2.0382;0
1677512295496;-0.634459488066019;2.0382;0
1677512295513;-0.634459488066019;2.0382;0
1677512295537;-0.634459488066019;2.0382;0
1677512295551;-0.634459488066019;2.0382;0
1677512295569;-0.634459488066019;2.0382;0
1677512295589;-0.634459488066019;2.0382;0
1677512295618;-0.634459488066019;2.0382;0
1677512295630;-0.634459488066019;2.0382;0
1677512295652;-0.634459488066019;2.0382;0
1677512295670;-0.634459488066019;2.0382;0
1677512295696;-0.634459488066019;2.0382;0
1677512295713;-0.634459488066019;2.0382;0
1677512295737;-0.634459488066019;2.0382;0
1677512295750;-0.634459488066019;2.0382;0
1677512295770;-0.634459488066019;2.0382;0
1677512295795;-0.634459488066019;2.0382;0
1677512295817;-0.634459488066019;2.0382;0
1677512295830;-0.634459488066019;2.0382;0
1677512295854;-0.634459488066019;2.0382;0
1677512295871;-0.634459488066019;2.0382;0
1677512295890;-0.634459488066019;2.0382;0
1677512295911;-0.634459488066019;2.0382;0
1677512295936;-0.634459488066019;2.0382;0
1677512295950;-0.634459488066019;2.0382;0
1677512295971;-0.634459488066019;2.0382;0
1677512295990;-0.634459488066019;2.0382;0
1677512296015;-0.634459488066019;2.0382;0
1677512296030;-0.634459488066019;2.0382;0
1677512296054;-0.634459488066019;2.0382;0
1677512296071;-0.634459488066019;2.0382;0
1677512296090;-0.634459488066019;2.0382;0
1677512296110;-0.634459488066019;2.0382;0
1677512296133;-0.634459488066019;2.0382;0
1677512296151;-0.634459488066019;2.0382;0
1677512296171;-0.634459488066019;2.0382;0
1677512296190;-0.634459488066019;2.0382;0
1677512296208;-0.634459488066019;2.0382;0
1677512296230;-0.634459488066019;2.0382;0
1677512296254;-0.634459488066019;2.0382;0
1677512296271;-0.634459488066019;2.0382;0
1677512296290;-0.634459488066019;2.0382;0
1677512296313;-0.634459488066019;2.0382;0
1677512296334;-0.634459488066019;2.0382;0
1677512296350;-0.634459488066019;2.0382;0
1677512296371;-0.634459488066019;2.0382;0
1677512296391;-0.634459488066019;2.0382;0
1677512296416;-0.634459488066019;2.0382;0
1677512296431;-0.634459488066019;2.0382;0
1677512296455;-0.634459488066019;2.0382;0
1677512296473;-0.634459488066019;2.0382;0
1677512296490;-0.634459488066019;2.0382;0
1677512296513;-0.634459488066019;2.0382;0
1677512296537;-0.634459488066019;2.0382;0
1677512296552;-0.634459488066019;2.0382;0
1677512296571;-0.634459488066019;2.0382;0
1677512296592;-0.634459488066019;2.0382;0
1677512296614;-0.634459488066019;2.0382;0
1677512296630;-0.634459488066019;2.0382;0
1677512296655;-0.634459488066019;2.0382;0
1677512296674;-0.634459488066019;2.0382;0
1677512296690;-0.634459488066019;2.0382;0
1677512296712;-0.634459488066019;2.0382;0
1677512296737;-0.634459488066019;2.0382;0
1677512296751;-0.634459488066019;2.0382;0
1677512296771;-0.634459488066019;2.0382;0
1677512296791;-0.634459488066019;2.0382;0
1677512296811;-0.634459488066019;2.0382;0
1677512296831;-0.634459488066019;2.0382;0
1677512296855;-0.634459488066019;2.0382;0
1677512296872;-0.634459488066019;2.0382;0
1677512296889;-0.634459488066019;2.0382;0
1677512296909;-0.634459488066019;2.0382;0
1677512296934;-0.634459488066019;2.0382;0
1677512296953;-0.634459488066019;2.0382;0
1677512296974;-0.634459488066019;2.0382;0
1677512296990;-0.634459488066019;2.0382;0
1677512297010;-0.634459488066019;2.0382;0
1677512297030;-0.634459488066019;2.0382;0
1677512297055;-0.634459488066019;2.0382;0
1677512297072;-0.634459488066019;2.0382;0
1677512297091;-0.634459488066019;2.0382;0
1677512297111;-0.634459488066019;2.0382;0
1677512297134;-0.634459488066019;2.0382;0
1677512297152;-0.634459488066019;2.0382;0
1677512297171;-0.634459488066019;2.0382;0
1677512297194;-0.634459488066019;2.0382;0
1677512297217;-0.634459488066019;2.0382;0
1677512297230;-0.634459488066019;2.0382;0
1677512297255;-0.634459488066019;2.0382;0
1677512297273;-0.634459488066019;2.0382;0
1677512297291;-0.634459488066019;2.0382;0
1677512297310;-0.634459488066019;2.0382;0
1677512297334;-0.634459488066019;2.0382;0
1677512297354;-0.634459488066019;2.0382;0
1677512297373;-0.634459488066019;2.0382;0
1677512297390;-0.634459488066019;2.0382;0
1677512297409;-0.634459488066019;2.0382;0
1677512297430;-0.634459488066019;2.0382;0
1677512297454;-0.634459488066019;2.0382;0
1677512297472;-0.634459488066019;2.0382;0
1677512297491;-0.634459488066019;2.0382;0
1677512297513;-0.634459488066019;2.0382;0
1677512297534;-0.634459488066019;2.0382;0
1677512297550;-0.634459488066019;2.0382;0
1677512297570;-0.634459488066019;2.0382;0
1677512297590;-0.634459488066019;2.0382;0
1677512297610;-0.634459488066019;2.0382;0
1677512297630;-0.634459488066019;2.0382;0
1677512297655;-0.634459488066019;2.0382;0
1677512297671;-0.634459488066019;2.0382;0
1677512297697;-0.634459488066019;2.0382;0
1677512297714;-0.634459488066019;2.0382;0
1677512297737;-0.634459488066019;2.0382;0
1677512297750;-0.634459488066019;2.0382;0
1677512297771;-0.634459488066019;2.0382;0
1677512297791;-0.634459488066019;2.0382;0
1677512297820;-0.634459488066019;2.0382;0
1677512297835;-0.634459488066019;2.0382;0
1677512297854;-0.634459488066019;2.0382;0
1677512297876;-0.634459488066019;2.0382;0
1677512297893;-0.634459488066019;2.0382;0
1677512297910;-0.634459488066019;2.0382;0
1677512297934;-0.634459488066019;2.0382;0
1677512297951;-0.634459488066019;2.0382;0
1677512297973;-0.634459488066019;2.0382;0
1677512297989;-0.634459488066019;2.0382;0
1677512298015;-0.634459488066019;2.0382;0
1677512298031;-0.634459488066019;2.0382;0
1677512298055;-0.634459488066019;2.0382;0
1677512298071;-0.634459488066019;2.0382;0
1677512298091;-0.634459488066019;2.0382;0
1677512298109;-0.634459488066019;2.0382;0
1677512298135;-0.634459488066019;2.0382;0
1677512298152;-0.634459488066019;2.0382;0
1677512298172;-0.634459488066019;2.0382;0
1677512298190;-0.634459488066019;2.0382;0
1677512298216;-0.634459488066019;2.0382;0
1677512298230;-0.634459488066019;2.0382;0
1677512298256;-0.634459488066019;2.0382;0
1677512298272;-0.634459488066019;2.0382;0
1677512298292;-0.634459488066019;2.0382;0
1677512298309;-0.634459488066019;2.0382;0
1677512298338;-0.634459488066019;2.0382;0
1677512298351;-0.634459488066019;2.0382;0
1677512298371;-0.634459488066019;2.0382;0
1677512298393;-0.634459488066019;2.0382;0
1677512298420;-0.634459488066019;2.0382;0
1677512298431;-0.634459488066019;2.0382;0
1677512298455;-0.634459488066019;2.0382;0
1677512298470;-0.634459488066019;2.0382;0
1677512298494;-0.634459488066019;2.0382;0
1677512298514;-0.634459488066019;2.0382;0
1677512298537;-0.634459488066019;2.0382;0
1677512298551;-0.634459488066019;2.0382;0
1677512298571;-0.634459488066019;2.0382;0
1677512298590;-0.634459488066019;2.0382;0
1677512298619;-0.634459488066019;2.0382;0
1677512298631;-0.634459488066019;2.0382;0
1677512298654;-0.634459488066019;2.0382;0
1677512298671;-0.634459488066019;2.0382;0
1677512298696;-0.634459488066019;2.0382;0
1677512298712;-0.634459488066019;2.0382;0
1677512298737;-0.634459488066019;2.0382;0
1677512298750;-0.634459488066019;2.0382;0
1677512298770;-0.634459488066019;2.0382;0
1677512298792;-0.634459488066019;2.0382;0
1677512298818;-0.634459488066019;2.0382;0
1677512298830;-0.634459488066019;2.0382;0
1677512298854;-0.634459488066019;2.0382;0
1677512298874;-0.634459488066019;2.0382;0
1677512298891;-0.634459488066019;2.0382;0
1677512298909;-0.634459488066019;2.0382;0
1677512298938;-0.634459488066019;2.0382;0
1677512298950;-0.634459488066019;2.0382;0
1677512298972;-0.634459488066019;2.0382;0
1677512298990;-0.634459488066019;2.0382;0
1677512299018;-0.634459488066019;2.0382;0
1677512299031;-0.634459488066019;2.0382;0
1677512299057;-0.634459488066019;2.0382;0
1677512299073;-0.634459488066019;2.0382;0
1677512299090;-0.634459488066019;2.0382;0
1677512299110;-0.634459488066019;2.0382;0
1677512299135;-0.634459488066019;2.0382;0
1677512299152;-0.634459488066019;2.0382;0
1677512299173;-0.634459488066019;2.0382;0
1677512299189;-0.634459488066019;2.0382;0
1677512299215;-0.634459488066019;2.0382;0
1677512299231;-0.634459488066019;2.0382;0
1677512299255;-0.634459488066019;2.0382;0
1677512299274;-0.634459488066019;2.0382;0
1677512299292;-0.634459488066019;2.0382;0
1677512299314;-0.634459488066019;2.0382;0
1677512299339;-0.634459488066019;2.0382;0
1677512299351;-0.634459488066019;2.0382;0
1677512299370;-0.634459488066019;2.0382;0
1677512299394;-0.634459488066019;2.0382;0
1677512299419;-0.634459488066019;2.0382;0
1677512299431;-0.634459488066019;2.0382;0
1677512299454;-0.634459488066019;2.0382;0
1677512299470;-0.634459488066019;2.0382;0
1677512299497;-0.634459488066019;2.0382;0
1677512299512;-0.634459488066019;2.0382;0
1677512299536;-0.634459488066019;2.0382;0
1677512299553;-0.634459488066019;2.0382;0
1677512299571;-0.634459488066019;2.0382;0
1677512299590;-0.634459488066019;2.0382;0
1677512299617;-0.634459488066019;2.0382;0
1677512299630;-0.634459488066019;2.0382;0
1677512299654;-0.634459488066019;2.0382;0
1677512299671;-0.634459488066019;2.0382;0
1677512299699;-0.634459488066019;2.0382;0
1677512299712;-0.634459488066019;2.0382;0
1677512299736;-0.634459488066019;2.0382;0
1677512299751;-0.634459488066019;2.0382;0
1677512299772;-0.634459488066019;2.0382;0
1677512299792;-0.634459488066019;2.0382;0
1677512299815;-0.634459488066019;2.0382;0
1677512299831;-0.634459488066019;2.0382;0
1677512299854;-0.634459488066019;2.0382;0
1677512299872;-0.634459488066019;2.0382;0
1677512299897;-0.634459488066019;2.0382;0
1677512299924;-0.634459488066019;2.0382;0
1677512299935;-0.634459488066019;2.0382;0
1677512299957;-0.634459488066019;2.0382;0
1677512299975;-0.634459488066019;2.0382;0
1677512299991;-0.634459488066019;2.0382;0
1677512300015;-0.634459488066019;2.0382;0
1677512300031;-0.634459488066019;2.0382;0
1677512300055;-0.634459488066019;2.0382;0
1677512300073;-0.634459488066019;2.0382;0
1677512300090;-0.634459488066019;2.0382;0
1677512300110;-0.634459488066019;2.0382;0
1677512300139;-0.634459488066019;2.0382;0
1677512300153;-0.634459488066019;2.0382;0
1677512300174;-0.634459488066019;2.0382;0
1677512300191;-0.634459488066019;2.0382;0
1677512300214;-0.634459488066019;2.0382;0
1677512300231;-0.634459488066019;2.0382;0
1677512300254;-0.634459488066019;2.0382;0
1677512300272;-0.634459488066019;2.0382;0
1677512300294;-0.634459488066019;2.0382;0
1677512300310;-0.634459488066019;2.0382;0
1677512300335;-0.634459488066019;2.0382;0
1677512300351;-0.634459488066019;2.0382;0
1677512300371;-0.634459488066019;2.0382;0
1677512300391;-0.634459488066019;2.0382;0
1677512300411;-0.634459488066019;2.0382;0
1677512300431;-0.634459488066019;2.0382;0
1677512300453;-0.634459488066019;2.0382;0
1677512300471;-0.634459488066019;2.0382;0
1677512300495;-0.634459488066019;2.0382;0
1677512300518;-0.634459488066019;2.0382;0
1677512300538;-0.634459488066019;2.0382;0
1677512300554;-0.634459488066019;2.0382;0
1677512300572;-0.634459488066019;2.0382;0
1677512300590;-0.634459488066019;2.0382;0
1677512300617;-0.634459488066019;2.0382;0
1677512300631;-0.634459488066019;2.0382;0
1677512300654;-0.634459488066019;2.0382;0
1677512300671;-0.634459488066019;2.0382;0
1677512300691;-0.634459488066019;2.0382;0
1677512300710;-0.634459488066019;2.0382;0
1677512300736;-0.634459488066019;2.0382;0
1677512300754;-0.634459488066019;2.0382;0
1677512300772;-0.634459488066019;2.0382;0
1677512300793;-0.634459488066019;2.0382;0
1677512300819;-0.634459488066019;2.0382;0
1677512300831;-0.634459488066019;2.0382;0
1677512300855;-0.634459488066019;2.0382;0
1677512300873;-0.608422954963179;2.0382;0
1677512300891;-0.582386421860339;2.0382;0
1677512300912;-0.5563498887574989;2.0382;0
1677512300936;-0.5303133556546589;2.0382;0
1677512300952;-0.5042768225518188;2.0382;0
1677512300971;-0.4782402894489788;2.0382;0
1677512300991;-0.45220375634613874;2.0382;0
1677512301017;-0.4261672232432987;2.0382;0
1677512301031;-0.40013069014045866;2.0382;0
1677512301055;-0.3740941570376186;2.0382;0
1677512301073;-0.34805762393477857;2.0382;0
1677512301091;-0.32202109083193853;2.0382;0
1677512301111;-0.2959845577290985;2.0382;0
1677512301136;-0.26994802462625844;2.0382;0
1677512301151;-0.2439114915234184;2.0382;0
1677512301174;-0.21787495842057836;2.0382;0
1677512301192;-0.19183842531773831;2.0382;0
1677512301210;-0.16580189221489827;2.0382;0
1677512301231;-0.13976535911205823;2.0382;0
1677512301256;-0.11372882600921819;2.0382;0
1677512301272;-0.08769229290637814;2.0382;0
1677512301291;-0.0616557598035381;2.0382;0
1677512301315;-0.03561922670069806;2.0382;0
1677512301330;-0.009582693597858067;2.0382;0
1677512301352;0.01645383950498194;2.0382;0
1677512301371;0.042490372607821944;2.0382;0
1677512301391;0.06852690571066199;2.0382;0
1677512301417;0.09456343881350203;2.0382;0
1677512301431;0.12059997191634207;2.0382;0
1677512301455;0.1466365050191821;2.0382;0
1677512301472;0.17267303812202214;2.0382;0
1677512301498;0.19870957122486219;2.0382;0
1677512301514;0.22474610432770223;2.0382;0
1677512301539;0.25078263743054224;2.0382;0
1677512301551;0.2768191705333823;2.0382;0
1677512301573;0.30285570363622233;2.0382;0
1677512301591;0.32889223673906237;2.0382;0
1677512301617;0.3549287698419024;2.0382;0
1677512301631;0.38096530294474246;2.0382;0
1677512301655;0.4070018360475825;2.0382;0
1677512301672;0.43303836915042254;2.0382;0
1677512301696;0.4590749022532626;2.0382;0
1677512301715;0.4851114353561026;2.0382;0
1677512301738;0.5111479684589426;2.0382;0
1677512301751;0.5371845015617827;2.0382;0
1677512301772;0.5632210346646227;2.0382;0
1677512301794;0.5892575677674627;2.0382;0
1677512301817;0.6152941008703028;2.0382;0
1677512301831;0.6413306339731428;2.0382;0
1677512301855;0.6673671670759829;2.0382;0
1677512301873;0.6673671670759829;2.0382;0
1677512301892;0.6673671670759829;2.0382;0
1677512301912;0.6673671670759829;2.0382;0
1677512301936;0.6673671670759829;2.0382;0
1677512301952;0.6673671670759829;2.0382;0
1677512301974;0.6673671670759829;2.0382;0
1677512301991;0.6673671670759829;2.0382;0
1677512302010;0.6673671670759829;2.0382;0
1677512302032;0.6673671670759829;2.0382;0
1677512302057;0.6673671670759829;2.0382;0
1677512302074;0.6673671670759829;2.0382;0
1677512302090;0.6673671670759829;2.0382;0
1677512302111;0.6673671670759829;2.0382;0
1677512302136;0.6673671670759829;2.0382;0
1677512302151;0.6673671670759829;2.0382;0
1677512302174;0.6673671670759829;2.0382;0
1677512302191;0.6673671670759829;2.0382;0
1677512302211;0.6673671670759829;2.0382;0
1677512302231;0.6673671670759829;2.0382;0
1677512302255;0.6673671670759829;2.0382;0
1677512302272;0.6673671670759829;2.0382;0
1677512302292;0.6673671670759829;2.0382;0
1677512302312;0.6673671670759829;2.0382;0
1677512302335;0.6673671670759829;2.0382;0
1677512302352;0.6673671670759829;2.0382;0
1677512302372;0.6673671670759829;2.0382;0
1677512302393;0.6673671670759829;2.0382;0
1677512302419;0.6673671670759829;2.0382;0
1677512302432;0.6673671670759829;2.0382;0
1677512302455;0.6673671670759829;2.0382;0
1677512302471;0.6673671670759829;2.0382;0
1677512302498;0.6673671670759829;2.0382;0
1677512302511;0.6673671670759829;2.0382;0
1677512302537;0.6673671670759829;2.0382;0
1677512302552;0.6673671670759829;2.0382;0
1677512302572;0.6673671670759829;2.0382;0
1677512302590;0.6673671670759829;2.0382;0
1677512302620;0.6673671670759829;2.0382;0
1677512302632;0.6673671670759829;2.0382;0
1677512302655;0.6673671670759829;2.0382;0
1677512302670;0.6673671670759829;2.0382;0
1677512302690;0.6673671670759829;2.0382;0
1677512302713;0.6673671670759829;2.0382;0
1677512302738;0.6673671670759829;2.0382;0
1677512302752;0.6673671670759829;2.0382;0
1677512302776;0.6673671670759829;2.0382;0
1677512302793;0.6673671670759829;2.0382;0
1677512302816;0.6673671670759829;2.0382;0
1677512302832;0.6673671670759829;2.0382;0
1677512302856;0.6673671670759829;2.0382;0
1677512302879;0.6673671670759829;2.0382;0
1677512302892;0.6673671670759829;2.0382;0
1677512302912;0.6673671670759829;2.0382;0
1677512302937;0.6673671670759829;2.0382;0
1677512302951;0.6673671670759829;2.0382;0
1677512302973;0.6673671670759829;2.0382;0
1677512302995;0.6673671670759829;2.0382;0
1677512303010;0.6673671670759829;2.0382;0
1677512303032;0.6673671670759829;2.0382;0
1677512303054;0.6673671670759829;2.0382;0
1677512303075;0.6673671670759829;2.0382;0
1677512303093;0.6673671670759829;2.0382;0
1677512303111;0.6673671670759829;2.0382;0
1677512303136;0.6673671670759829;2.0382;0
1677512303154;0.6673671670759829;2.0382;0
1677512303173;0.6673671670759829;2.0382;0
1677512303191;0.6673671670759829;2.0382;0
1677512303210;0.6673671670759829;2.0382;0
1677512303232;0.6673671670759829;2.0382;0
1677512303256;0.6673671670759829;2.0382;0
1677512303274;0.6673671670759829;2.0382;0
1677512303292;0.6673671670759829;2.0382;0
1677512303315;0.6673671670759829;2.0382;0
1677512303336;0.6673671670759829;2.0382;0
1677512303353;0.6673671670759829;2.0382;0
1677512303372;0.6673671670759829;2.0382;0
1677512303393;0.6673671670759829;2.0382;0
1677512303416;0.6673671670759829;2.0382;0
1677512303432;0.6673671670759829;2.0382;0
1677512303456;0.6673671670759829;2.0382;0
1677512303472;0.6673671670759829;2.0382;0
1677512303497;0.6673671670759829;2.0382;0
1677512303511;0.6673671670759829;2.0382;0
1677512303539;0.6673671670759829;2.0382;0
1677512303552;0.6673671670759829;2.0382;0
1677512303572;0.6673671670759829;2.0382;0
1677512303591;0.6673671670759829;2.0382;0
1677512303620;0.6673671670759829;2.0382;0
1677512303632;0.6673671670759829;2.0382;0
1677512303655;0.6673671670759829;2.0382;0
1677512303670;0.6673671670759829;2.0382;0
1677512303698;0.6673671670759829;2.0382;0
1677512303715;0.6673671670759829;2.0382;0
1677512303738;0.6673671670759829;2.0382;0
1677512303751;0.6673671670759829;2.0382;0
1677512303770;0.6673671670759829;2.0382;0
1677512303793;0.6673671670759829;2.0382;0
1677512303815;0.6673671670759829;2.0382;0
1677512303832;0.6673671670759829;2.0382;0
1677512303856;0.6673671670759829;2.0382;0
1677512303876;0.6673671670759829;2.0382;0
1677512303891;0.6673671670759829;2.0382;0
1677512303913;0.6673671670759829;2.0382;0
1677512303937;0.6673671670759829;2.0382;0
1677512303952;0.6673671670759829;2.0382;0
1677512303973;0.6673671670759829;2.0382;0
1677512303992;0.6673671670759829;2.0382;0
1677512304012;0.6673671670759829;2.0382;0
1677512304032;0.6673671670759829;2.0382;0
1677512304057;0.6673671670759829;2.0382;0
1677512304074;0.6673671670759829;2.0382;0
1677512304096;0.6673671670759829;2.0382;0
1677512304112;0.6673671670759829;2.0382;0
1677512304136;0.6673671670759829;2.0382;0
1677512304153;0.6673671670759829;2.0382;0
1677512304175;0.6673671670759829;2.0382;0
1677512304193;0.6673671670759829;2.0382;0
1677512304211;0.6673671670759829;2.0382;0
1677512304231;0.6673671670759829;2.0382;0
1677512304257;0.6673671670759829;2.0382;0
1677512304275;0.6673671670759829;2.0382;0
1677512304293;0.6673671670759829;2.0382;0
1677512304310;0.6673671670759829;2.0382;0
1677512304339;0.6673671670759829;2.0382;0
1677512304353;0.6673671670759829;2.0382;0
1677512304373;0.6673671670759829;2.0382;0
1677512304390;0.6673671670759829;2.0382;0
1677512304420;0.6673671670759829;2.0382;0
1677512304433;0.6673671670759829;2.0382;0
1677512304456;0.6673671670759829;2.0382;0
1677512304472;0.6673671670759829;2.0382;0
1677512304499;0.6673671670759829;2.0382;0
1677512304514;0.6673671670759829;2.0382;0
1677512304537;0.6673671670759829;2.0382;0
1677512304553;0.6673671670759829;2.0382;0
1677512304572;0.6673671670759829;2.0382;0
1677512304592;0.6673671670759829;2.0382;0
1677512304619;0.6673671670759829;2.0382;0
1677512304632;0.6673671670759829;2.0382;0
1677512304657;0.6673671670759829;2.0382;0
1677512304672;0.6673671670759829;2.0382;0
1677512304700;0.6673671670759829;2.0382;0
1677512304715;0.6673671670759829;2.0382;0
1677512304741;0.6673671670759829;2.0382;0
1677512304751;0.6673671670759829;2.0382;0
1677512304771;0.6673671670759829;2.0382;0
1677512304792;0.6673671670759829;2.0382;0
1677512304810;0.6673671670759829;2.0382;0
1677512304831;0.6673671670759829;2.0382;0
1677512304856;0.6673671670759829;2.0382;0
1677512304876;0.6673671670759829;2.0382;0
1677512304892;0.6673671670759829;2.0382;0
1677512304911;0.6673671670759829;2.0382;0
1677512304936;0.6673671670759829;2.0382;0
1677512304952;0.6673671670759829;2.0382;0
1677512304976;0.6673671670759829;2.0382;0
1677512304993;0.6673671670759829;2.0382;0
1677512305011;0.6673671670759829;2.0382;0
1677512305032;0.6673671670759829;2.0382;0
1677512305057;0.6673671670759829;2.0382;0
1677512305073;0.6673671670759829;2.0382;0
1677512305092;0.6673671670759829;2.0382;0
1677512305112;0.6673671670759829;2.0382;0
1677512305136;0.6673671670759829;2.0382;0
1677512305153;0.6673671670759829;2.0382;0
1677512305175;0.6673671670759829;2.0382;0
1677512305193;0.6673671670759829;2.0382;0
1677512305212;0.6673671670759829;2.0382;0
1677512305232;0.6673671670759829;2.0382;0
1677512305258;0.6673671670759829;2.0382;0
1677512305276;0.6673671670759829;2.0382;0
1677512305294;0.6673671670759829;2.0382;0
1677512305311;0.6673671670759829;2.0382;0
1677512305342;0.6673671670759829;2.0382;0
1677512305352;0.6673671670759829;2.0382;0
1677512305373;0.6673671670759829;2.0382;0
1677512305396;0.6673671670759829;2.0382;0
1677512305416;0.6673671670759829;2.0382;0
1677512305432;0.6673671670759829;2.0382;0
1677512305456;0.6673671670759829;2.0382;0
1677512305474;0.6673671670759829;2.0382;0
1677512305492;0.6673671670759829;2.0382;0
1677512305512;0.6673671670759829;2.0382;0
1677512305540;0.6673671670759829;2.0382;0
1677512305552;0.6673671670759829;2.0382;0
1677512305572;0.6673671670759829;2.0382;0
1677512305592;0.6673671670759829;2.0382;0
1677512305619;0.6673671670759829;2.0382;0
1677512305632;0.6673671670759829;2.0382;0
1677512305656;0.6673671670759829;2.0382;0
1677512305672;0.6673671670759829;2.0382;0
1677512305691;0.6673671670759829;2.0382;0
1677512305716;0.6673671670759829;2.0382;0
1677512305739;0.6673671670759829;2.0382;0
1677512305753;0.6673671670759829;2.0382;0
1677512305773;0.6673671670759829;2.0382;0
1677512305791;0.6673671670759829;2.0382;0
1677512305818;0.6673671670759829;2.0382;0
1677512305835;0.6673671670759829;2.0382;0
1677512305857;0.6673671670759829;2.0382;0
1677512305874;0.6673671670759829;2.0382;0
1677512305892;0.6673671670759829;2.0382;0
1677512305912;0.6673671670759829;2.0382;0
1677512305936;0.6673671670759829;2.0382;0
1677512305952;0.6673671670759829;2.0382;0
1677512305975;0.6673671670759829;2.0382;0
1677512305995;0.6673671670759829;2.0382;0
1677512306011;0.6673671670759829;2.0382;0
1677512306032;0.6673671670759829;2.0382;0
1677512306059;0.6673671670759829;2.0382;0
1677512306077;0.6673671670759829;2.0382;0
1677512306092;0.6673671670759829;2.0382;0
1677512306111;0.6673671670759829;2.0382;0
1677512306137;0.6673671670759829;2.0382;0
1677512306153;0.6673671670759829;2.0382;0
1677512306173;0.6673671670759829;2.0382;0
1677512306193;0.6673671670759829;2.0382;0
1677512306212;0.6673671670759829;2.0382;0
1677512306233;0.6673671670759829;2.0382;0
1677512306259;0.6673671670759829;2.0382;0
1677512306275;0.6673671670759829;2.0382;0
1677512306292;0.6673671670759829;2.0382;0
1677512306311;0.6673671670759829;2.0382;0
1677512306330;0.6673671670759829;2.0382;0
1677512306352;0.6673671670759829;2.0382;0
1677512306375;0.6673671670759829;2.0382;0
1677512306395;0.6673671670759829;2.0382;0
1677512306413;0.6673671670759829;2.0382;0
1677512306433;0.6673671670759829;2.0382;0
1677512306457;0.6673671670759829;2.0382;0
1677512306477;0.6673671670759829;2.0382;0
1677512306494;0.6673671670759829;2.0382;0
1677512306511;0.6673671670759829;2.0382;0
1677512306540;0.6673671670759829;2.0382;0
1677512306555;0.6673671670759829;2.0382;0
1677512306574;0.6673671670759829;2.0382;0
1677512306591;0.6673671670759829;2.0382;0
1677512306613;0.6673671670759829;2.0382;0
1677512306632;0.6673671670759829;2.0382;0
1677512306657;0.6673671670759829;2.0382;0
1677512306678;0.6673671670759829;2.0382;0
1677512306695;0.6673671670759829;2.0382;0
1677512306711;0.6673671670759829;2.0382;0
1677512306740;0.6673671670759829;2.0382;0
1677512306755;0.6673671670759829;2.0382;0
1677512306773;0.6673671670759829;2.0382;0
1677512306798;0.6673671670759829;2.0382;0
1677512306812;0.6673671670759829;2.0382;0
1677512306834;0.6673671670759829;2.0382;0
1677512306856;0.6673671670759829;2.0382;0
1677512306876;0.6673671670759829;2.0382;0
1677512306893;0.6673671670759829;2.0382;0
1677512306912;0.6673671670759829;2.0382;0
1677512306936;0.6673671670759829;2.0382;0
1677512306956;0.6673671670759829;2.0382;0
1677512306977;0.6673671670759829;2.0382;0
1677512306992;0.6673671670759829;2.0382;0
1677512307013;0.6673671670759829;2.0382;0
1677512307032;0.6673671670759829;2.0382;0
1677512307057;0.6673671670759829;2.0382;0
1677512307075;0.6673671670759829;2.0382;0
1677512307091;0.6673671670759829;2.0382;0
1677512307112;0.6673671670759829;2.0382;0
1677512307136;0.6673671670759829;2.0382;0
1677512307153;0.6673671670759829;2.0382;0
1677512307175;0.6673671670759829;2.0382;0
1677512307195;0.6673671670759829;2.0382;0
1677512307212;0.6673671670759829;2.0382;0
1677512307233;0.6673671670759829;2.0382;0
1677512307258;0.6673671670759829;2.0382;0
1677512307274;0.6673671670759829;2.0382;0
1677512307293;0.6673671670759829;2.0382;0
1677512307312;0.6673671670759829;2.0382;0
1677512307337;0.6673671670759829;2.0382;0
1677512307352;0.6673671670759829;2.0382;0
1677512307374;0.6673671670759829;2.0382;0
1677512307392;0.6673671670759829;2.0382;0
1677512307416;0.6673671670759829;2.0382;0
1677512307433;0.6673671670759829;2.0382;0
1677512307456;0.6673671670759829;2.0382;0
1677512307472;0.6673671670759829;2.0382;0
1677512307499;0.6673671670759829;2.0382;0
1677512307512;0.6673671670759829;2.0382;0
1677512307539;0.6673671670759829;2.0382;0
1677512307552;0.6673671670759829;2.0382;0
1677512307573;0.6673671670759829;2.0382;0
1677512307591;0.6673671670759829;2.0382;0
1677512307615;0.6673671670759829;2.0382;0
1677512307632;0.6673671670759829;2.0382;0
1677512307657;0.6673671670759829;2.0382;0
1677512307673;0.6673671670759829;2.0382;0
1677512307699;0.6673671670759829;2.0382;0
1677512307713;0.6673671670759829;2.0382;0
1677512307740;0.6673671670759829;2.0382;0
1677512307753;0.6673671670759829;2.0382;0
1677512307773;0.6673671670759829;2.0382;0
1677512307794;0.6673671670759829;2.0382;0
1677512307817;0.6673671670759829;2.0382;0
1677512307834;0.6673671670759829;2.0382;0
1677512307857;0.6673671670759829;2.0382;0
1677512307876;0.6673671670759829;2.0382;0
1677512307895;0.6673671670759829;2.0382;0
1677512307911;0.6673671670759829;2.0382;0
1677512307935;0.6673671670759829;2.0382;0
1677512307952;0.6673671670759829;2.0382;0
1677512307975;0.6673671670759829;2.0382;0
1677512307994;0.6673671670759829;2.0382;0
1677512308013;0.6673671670759829;2.0382;0
1677512308033;0.6673671670759829;2.0382;0
1677512308060;0.6673671670759829;2.0382;0
1677512308079;0.6673671670759829;2.0382;0
1677512308093;0.6673671670759829;2.0382;0
1677512308111;0.6673671670759829;2.0382;0
1677512308135;0.6673671670759829;2.0382;0
1677512308152;0.6673671670759829;2.0382;0
1677512308174;0.6673671670759829;2.0382;0
1677512308192;0.6673671670759829;2.0382;0
1677512308211;0.6673671670759829;2.0382;0
1677512308233;0.6673671670759829;2.0382;0
1677512308257;0.6673671670759829;2.0382;0
1677512308276;0.6673671670759829;2.0382;0
1677512308293;0.6673671670759829;2.0382;0
1677512308312;0.6673671670759829;2.0382;0
1677512308337;0.6673671670759829;2.0382;0
1677512308353;0.6673671670759829;2.0382;0
1677512308374;0.6673671670759829;2.0382;0
1677512308396;0.6673671670759829;2.0382;0
1677512308417;0.6673671670759829;2.0382;0
1677512308434;0.6673671670759829;2.0382;0
1677512308458;0.6673671670759829;2.0382;0
1677512308474;0.6673671670759829;2.0382;0
1677512308499;0.6673671670759829;2.0382;0
1677512308512;0.6673671670759829;2.0382;0
1677512308540;0.6673671670759829;2.0382;0
1677512308553;0.6673671670759829;2.0382;0
1677512308574;0.6673671670759829;2.0382;0
1677512308593;0.6673671670759829;2.0382;0
1677512308616;0.6673671670759829;2.0382;0
1677512308633;0.6673671670759829;2.0382;0
1677512308658;0.6673671670759829;2.0382;0
1677512308673;0.6673671670759829;2.0382;0
1677512308691;0.6673671670759829;2.0382;0
1677512308716;0.6673671670759829;2.0382;0
1677512308740;0.6673671670759829;2.0382;0
1677512308755;0.6673671670759829;2.0382;0
1677512308774;0.6673671670759829;2.0382;0
1677512308791;0.6673671670759829;2.0382;0
1677512308816;0.6673671670759829;2.0382;0
1677512308833;0.6673671670759829;2.0382;0
1677512308858;0.6673671670759829;2.0382;0
1677512308877;0.6673671670759829;2.0382;0
1677512308891;0.6673671670759829;2.0382;0
1677512308912;0.6673671670759829;2.0382;0
1677512308937;0.6673671670759829;2.0382;0
1677512308954;0.6673671670759829;2.0382;0
1677512308976;0.6673671670759829;2.0382;0
1677512308993;0.6673671670759829;2.0382;0
1677512309012;0.6673671670759829;2.0382;0
1677512309033;0.6673671670759829;2.0382;0
1677512309057;0.6673671670759829;2.0382;0
1677512309076;0.6673671670759829;2.0382;0
1677512309093;0.6673671670759829;2.0382;0
1677512309113;0.6673671670759829;2.0382;0
1677512309136;0.6673671670759829;2.0382;0
1677512309153;0.6673671670759829;2.0382;0
1677512309176;0.6673671670759829;2.0382;0
1677512309193;0.6673671670759829;2.0382;0
1677512309216;0.6673671670759829;2.0382;0
1677512309233;0.6673671670759829;2.0382;0
1677512309257;0.6673671670759829;2.0382;0
1677512309275;0.6673671670759829;2.0382;0
1677512309291;0.6673671670759829;2.0382;0
1677512309312;0.6673671670759829;2.0382;0
1677512309337;0.6673671670759829;2.0382;0
1677512309352;0.6673671670759829;2.0382;0
1677512309374;0.6673671670759829;2.0382;0
1677512309396;0.6673671670759829;2.0382;0
1677512309416;0.6673671670759829;2.0382;0
1677512309433;0.6673671670759829;2.0382;0
1677512309457;0.6673671670759829;2.0382;0
1677512309473;0.6673671670759829;2.0382;0
1677512309491;0.6673671670759829;2.0382;0
1677512309512;0.6673671670759829;2.0382;0
1677512309540;0.6673671670759829;2.0382;0
1677512309552;0.6673671670759829;2.0382;0
1677512309574;0.6673671670759829;2.0382;0
1677512309592;0.6673671670759829;2.0382;0
1677512309616;0.6673671670759829;2.0382;0
1677512309633;0.6673671670759829;2.0382;0
1677512309657;0.6673671670759829;2.0382;0
1677512309674;0.6673671670759829;2.0382;0
1677512309691;0.6673671670759829;2.0382;0
1677512309716;0.6673671670759829;2.0382;0
1677512309738;0.6673671670759829;2.0382;0
1677512309753;0.6673671670759829;2.0382;0
1677512309775;0.6673671670759829;2.0382;0
1677512309793;0.6673671670759829;2.0382;0
1677512309819;0.6673671670759829;2.0382;0
1677512309833;0.6673671670759829;2.0382;0
1677512309858;0.6673671670759829;2.0382;0
1677512309876;0.6673671670759829;2.0382;0
1677512309894;0.6673671670759829;2.0382;0
1677512309914;0.6673671670759829;2.0382;0
1677512309937;0.6673671670759829;2.0382;0
1677512309953;0.6673671670759829;2.0382;0
1677512309975;0.6673671670759829;2.0382;0
1677512309993;0.6673671670759829;2.0382;0
1677512310012;0.6673671670759829;2.0382;0
1677512310033;0.6673671670759829;2.0382;0
1677512310059;0.6673671670759829;2.0382;0
1677512310075;0.6673671670759829;2.0382;0
1677512310093;0.6673671670759829;2.0382;0
1677512310112;0.6673671670759829;2.0382;0
1677512310137;0.6673671670759829;2.0382;0
1677512310152;0.6673671670759829;2.0382;0
1677512310175;0.6673671670759829;2.0382;0
1677512310194;0.6673671670759829;2.0382;0
1677512310211;0.6673671670759829;2.0382;0
1677512310233;0.6673671670759829;2.0382;0
1677512310257;0.6673671670759829;2.0382;0
1677512310278;0.6673671670759829;2.0382;0
1677512310293;0.6673671670759829;2.0382;0
1677512310317;0.6673671670759829;2.0382;0
1677512310336;0.6673671670759829;2.0382;0
1677512310353;0.6673671670759829;2.0382;0
1677512310374;0.6673671670759829;2.0382;0
1677512310391;0.6673671670759829;2.0382;0
1677512310416;0.6673671670759829;2.0382;0
1677512310434;0.6673671670759829;2.0382;0
1677512310458;0.6673671670759829;2.0382;0
1677512310474;0.6673671670759829;2.0382;0
1677512310493;0.6673671670759829;2.0382;0
1677512310512;0.6673671670759829;2.0382;0
1677512310538;0.6673671670759829;2.0382;0
1677512310554;0.6673671670759829;2.0382;0
1677512310574;0.6673671670759829;2.0382;0
1677512310593;0.6673671670759829;2.0382;0
1677512310617;0.6673671670759829;2.0382;0
1677512310634;0.6673671670759829;2.0382;0
1677512310657;0.6673671670759829;2.0382;0
1677512310674;0.6673671670759829;2.0382;0
1677512310699;0.6673671670759829;2.0382;0
1677512310713;0.6673671670759829;2.0382;0
1677512310737;0.6673671670759829;2.0382;0
1677512310753;0.6673671670759829;2.0382;0
1677512310774;0.6673671670759829;2.0382;0
1677512310791;0.6673671670759829;2.0382;0
1677512310812;0.6673671670759829;2.0382;0
1677512310832;0.6673671670759829;2.0382;0
1677512310859;0.6673671670759829;2.0382;0
1677512310879;0.6974093206561838;2.0382;0
1677512310895;0.7274514742363847;2.0382;0
1677512310912;0.7574936278165856;2.0382;0
1677512310937;0.7875357813967865;2.0382;0
1677512310957;0.8175779349769874;2.0382;0
1677512310976;0.8476200885571883;2.0382;0
1677512310994;0.8776622421373892;2.0382;0
1677512311012;0.9077043957175901;2.0382;0
1677512311034;0.937746549297791;2.0382;0
1677512311058;0.9677887028779919;2.0382;0
1677512311076;0.9978308564581928;2.0382;0
1677512311094;1.0278730100383937;2.0382;0
1677512311111;1.0579151636185946;2.0382;0
1677512311137;1.0879573171987955;2.0382;0
1677512311153;1.1179994707789964;2.0382;0
1677512311176;1.1480416243591973;2.0382;0
1677512311195;1.1780837779393982;2.0382;0
1677512311214;1.2081259315195991;2.0382;0
1677512311233;1.2381680850998;2.0382;0
1677512311257;1.268210238680001;2.0382;0
1677512311279;1.2982523922602018;2.0382;0
1677512311295;1.3282945458404027;2.0382;0
1677512311312;1.3583366994206036;2.0382;0
1677512311332;1.3883788530008045;2.0382;0
1677512311352;1.4184210065810055;2.0382;0
1677512311373;1.4484631601612064;2.0382;0
1677512311394;1.4785053137414073;2.0382;0
1677512311412;1.5085474673216082;2.0382;0
1677512311433;1.538589620901809;2.0382;0
1677512311458;1.56863177448201;2.0382;0
1677512311475;1.5986739280622109;2.0382;0
1677512311494;1.6287160816424118;2.0382;0
1677512311511;1.6587582352226127;2.0382;0
1677512311537;1.6888003888028136;2.0382;0
1677512311555;1.7188425423830145;2.0382;0
1677512311575;1.7488846959632154;2.0382;0
1677512311593;1.7789268495434163;2.0382;0
1677512311614;1.8089690031236172;2.0382;0
1677512311640;1.839011156703818;2.0382;0
1677512311658;1.869053310284019;2.0382;0
1677512311679;1.89909546386422;2.0382;0
1677512311696;1.9291376174444208;2.0382;0
1677512311711;1.9591797710246217;2.0382;0
1677512311742;1.9892219246048226;2.0382;0
1677512311753;2.0192640781850235;2.0382;0
1677512311775;2.0493062317652244;2.0382;0
1677512311794;2.0793483853454253;2.0382;0
1677512311814;2.1093905389256262;2.0382;0
1677512311834;2.139432692505827;2.0382;0
1677512311857;2.169474846086028;2.0382;0
1677512311877;2.169474846086028;2.0382;0
1677512311892;2.169474846086028;2.0382;0
1677512311912;2.169474846086028;2.0382;0
1677512311937;2.169474846086028;2.0382;0
1677512311953;2.169474846086028;2.0382;0
1677512311974;2.169474846086028;2.0382;0
1677512311994;2.169474846086028;2.0382;0
1677512312011;2.169474846086028;2.0382;0
1677512312034;2.169474846086028;2.0382;0
1677512312060;2.169474846086028;2.0382;0
1677512312076;2.169474846086028;2.0382;0
1677512312095;2.169474846086028;2.0382;0
1677512312112;2.169474846086028;2.0382;0
1677512312137;2.169474846086028;2.0382;0
1677512312153;2.169474846086028;2.0382;0
1677512312175;2.169474846086028;2.0382;0
1677512312194;2.169474846086028;2.0382;0
1677512312216;2.169474846086028;2.0382;0
1677512312233;2.169474846086028;2.0382;0
1677512312256;2.169474846086028;2.0382;0
1677512312272;2.169474846086028;2.0382;0
1677512312293;2.169474846086028;2.0382;0
1677512312317;2.169474846086028;2.0382;0
1677512312337;2.169474846086028;2.0382;0
1677512312354;2.169474846086028;2.0382;0
1677512312373;2.169474846086028;2.0382;0
1677512312391;2.169474846086028;2.0382;0
1677512312416;2.169474846086028;2.0382;0
1677512312434;2.169474846086028;2.0382;0
1677512312456;2.169474846086028;2.0382;0
1677512312474;2.169474846086028;2.0382;0
1677512312498;2.169474846086028;2.0382;0
1677512312513;2.169474846086028;2.0382;0
1677512312541;2.169474846086028;2.0382;0
1677512312555;2.169474846086028;2.0382;0
1677512312573;2.169474846086028;2.0382;0
1677512312592;2.169474846086028;2.0382;0
1677512312612;2.169474846086028;2.0382;0
1677512312634;2.169474846086028;2.0382;0
1677512312658;2.169474846086028;2.0382;0
1677512312674;2.169474846086028;2.0382;0
1677512312697;2.169474846086028;2.0382;0
1677512312712;2.169474846086028;2.0382;0
1677512312739;2.169474846086028;2.0382;0
1677512312755;2.169474846086028;2.0382;0
1677512312774;2.169474846086028;2.0382;0
1677512312795;2.169474846086028;2.0382;0
1677512312817;2.169474846086028;2.0382;0
1677512312833;2.169474846086028;2.0382;0
1677512312858;2.169474846086028;2.0382;0
1677512312878;2.169474846086028;2.0382;0
1677512312895;2.169474846086028;2.0382;0
1677512312912;2.169474846086028;2.0382;0
1677512312937;2.169474846086028;2.0382;0
1677512312953;2.169474846086028;2.0382;0
1677512312975;2.169474846086028;2.0382;0
1677512312993;2.169474846086028;2.0382;0
1677512313012;2.169474846086028;2.0382;0
1677512313034;2.169474846086028;2.0382;0
1677512313059;2.169474846086028;2.0382;0
1677512313076;2.169474846086028;2.0382;0
1677512313093;2.169474846086028;2.0382;0
1677512313112;2.169474846086028;2.0382;0
1677512313137;2.169474846086028;2.0382;0
1677512313153;2.169474846086028;2.0382;0
1677512313174;2.169474846086028;2.0382;0
1677512313193;2.169474846086028;2.0382;0
1677512313212;2.169474846086028;2.0382;0
1677512313236;2.169474846086028;2.0382;0
1677512313257;2.169474846086028;2.0382;0
1677512313277;2.169474846086028;2.0382;0
1677512313293;2.169474846086028;2.0382;0
1677512313311;2.169474846086028;2.0382;0
1677512313341;2.169474846086028;2.0382;0
1677512313356;2.169474846086028;2.0382;0
1677512313373;2.169474846086028;2.0382;0
1677512313398;2.169474846086028;2.0382;0
1677512313417;2.169474846086028;2.0382;0
1677512313434;2.169474846086028;2.0382;0
1677512313457;2.169474846086028;2.0382;0
1677512313474;2.169474846086028;2.0382;0
1677512313491;2.169474846086028;2.0382;0
1677512313512;2.169474846086028;2.0382;0
1677512313536;2.169474846086028;2.0382;0
1677512313555;2.169474846086028;2.0382;0
1677512313576;2.169474846086028;2.0382;0
1677512313593;2.169474846086028;2.0382;0
1677512313617;2.169474846086028;2.0382;0
1677512313631;2.169474846086028;2.0382;0
1677512313660;2.169474846086028;2.0382;0
1677512313677;2.169474846086028;2.0382;0
1677512313695;2.169474846086028;2.0382;0
1677512313712;2.169474846086028;2.0382;0
1677512313731;2.169474846086028;2.0382;0
1677512313757;2.169474846086028;2.0382;0
1677512313779;2.169474846086028;2.0382;0
1677512313794;2.169474846086028;2.0382;0
1677512313811;2.169474846086028;2.0382;0
1677512313834;2.169474846086028;2.0382;0
1677512313858;2.169474846086028;2.0382;0
1677512313877;2.169474846086028;2.0382;0
1677512313896;2.169474846086028;2.0382;0
1677512313913;2.169474846086028;2.0382;0
1677512313938;2.169474846086028;2.0382;0
1677512313955;2.169474846086028;2.0382;0
1677512313976;2.169474846086028;2.0382;0
1677512313994;2.169474846086028;2.0382;0
1677512314012;2.169474846086028;2.0382;0
1677512314034;2.169474846086028;2.0382;0
1677512314060;2.169474846086028;2.0382;0
1677512314078;2.169474846086028;2.0382;0
1677512314094;2.169474846086028;2.0382;0
1677512314112;2.169474846086028;2.0382;0
1677512314137;2.169474846086028;2.0382;0
1677512314154;2.169474846086028;2.0382;0
1677512314177;2.169474846086028;2.0382;0
1677512314195;2.169474846086028;2.0382;0
1677512314212;2.169474846086028;2.0382;0
1677512314232;2.169474846086028;2.0382;0
1677512314258;2.169474846086028;2.0382;0
1677512314276;2.169474846086028;2.0382;0
1677512314294;2.169474846086028;2.0382;0
1677512314312;2.169474846086028;2.0382;0
1677512314338;2.169474846086028;2.0382;0
1677512314354;2.169474846086028;2.0382;0
1677512314375;2.169474846086028;2.0382;0
1677512314392;2.169474846086028;2.0382;0
1677512314416;2.169474846086028;2.0382;0
1677512314434;2.169474846086028;2.0382;0
1677512314458;2.169474846086028;2.0382;0
1677512314474;2.169474846086028;2.0382;0
1677512314494;2.169474846086028;2.0382;0
1677512314513;2.169474846086028;2.0382;0
1677512314541;2.169474846086028;2.0382;0
1677512314553;2.169474846086028;2.0382;0
1677512314575;2.169474846086028;2.0382;0
1677512314594;2.169474846086028;2.0382;0
1677512314617;2.169474846086028;2.0382;0
1677512314634;2.169474846086028;2.0382;0
1677512314656;2.169474846086028;2.0382;0
1677512314674;2.169474846086028;2.0382;0
1677512314691;2.169474846086028;2.0382;0
1677512314713;2.169474846086028;2.0382;0
1677512314741;2.169474846086028;2.0382;0
1677512314753;2.169474846086028;2.0382;0
1677512314774;2.169474846086028;2.0382;0
1677512314792;2.169474846086028;2.0382;0
1677512314817;2.169474846086028;2.0382;0
1677512314834;2.169474846086028;2.0382;0
1677512314860;2.169474846086028;2.0382;0
1677512314879;2.169474846086028;2.0382;0
1677512314894;2.169474846086028;2.0382;0
1677512314912;2.169474846086028;2.0382;0
1677512314939;2.169474846086028;2.0382;0
1677512314953;2.169474846086028;2.0382;0
1677512314975;2.169474846086028;2.0382;0
1677512314994;2.169474846086028;2.0382;0
1677512315016;2.169474846086028;2.0382;0
1677512315033;2.169474846086028;2.0382;0
1677512315057;2.169474846086028;2.0382;0
1677512315076;2.169474846086028;2.0382;0
1677512315094;2.169474846086028;2.0382;0
1677512315112;2.169474846086028;2.0382;0
1677512315139;2.169474846086028;2.0382;0
1677512315154;2.169474846086028;2.0382;0
1677512315177;2.169474846086028;2.0382;0
1677512315194;2.169474846086028;2.0382;0
1677512315211;2.169474846086028;2.0382;0
1677512315234;2.169474846086028;2.0382;0
1677512315259;2.169474846086028;2.0382;0
1677512315276;2.169474846086028;2.0382;0
1677512315294;2.169474846086028;2.0382;0
1677512315313;2.169474846086028;2.0382;0
1677512315338;2.169474846086028;2.0382;0
1677512315354;2.169474846086028;2.0382;0
1677512315375;2.169474846086028;2.0382;0
1677512315397;2.169474846086028;2.0382;0
1677512315417;2.169474846086028;2.0382;0
1677512315434;2.169474846086028;2.0382;0
1677512315458;2.169474846086028;2.0382;0
1677512315474;2.169474846086028;2.0382;0
1677512315498;2.169474846086028;2.0382;0
1677512315513;2.169474846086028;2.0382;0
1677512315541;2.169474846086028;2.0382;0
1677512315553;2.169474846086028;2.0382;0
1677512315575;2.169474846086028;2.0382;0
1677512315594;2.169474846086028;2.0382;0
1677512315618;2.169474846086028;2.0382;0
1677512315635;2.169474846086028;2.0382;0
1677512315658;2.169474846086028;2.0382;0
1677512315675;2.169474846086028;2.0382;0
1677512315691;2.169474846086028;2.0382;0
1677512315715;2.169474846086028;2.0382;0
1677512315736;2.169474846086028;2.0382;0
1677512315753;2.169474846086028;2.0382;0
1677512315775;2.169474846086028;2.0382;0
1677512315793;2.169474846086028;2.0382;0
1677512315813;2.169474846086028;2.0382;0
1677512315835;2.169474846086028;2.0382;0
1677512315857;2.169474846086028;2.0382;0
1677512315880;2.169474846086028;2.0382;0
1677512315896;2.169474846086028;2.0382;0
1677512315912;2.169474846086028;2.0382;0
1677512315937;2.169474846086028;2.0382;0
1677512315953;2.169474846086028;2.0382;0
1677512315974;2.169474846086028;2.0382;0
1677512315993;2.169474846086028;2.0382;0
1677512316013;2.169474846086028;2.0382;0
1677512316034;2.169474846086028;2.0382;0
1677512316058;2.169474846086028;2.0382;0
1677512316076;2.169474846086028;2.0382;0
1677512316092;2.169474846086028;2.0382;0
1677512316113;2.169474846086028;2.0382;0
1677512316137;2.169474846086028;2.0382;0
1677512316155;2.169474846086028;2.0382;0
1677512316174;2.169474846086028;2.0382;0
1677512316194;2.169474846086028;2.0382;0
1677512316212;2.169474846086028;2.0382;0
1677512316315;2.169474846086028;2.0382;0
1677512316325;2.169474846086028;2.0382;0
1677512316326;2.169474846086028;2.0382;0
1677512316338;2.169474846086028;2.0382;0
1677512316353;2.169474846086028;2.0382;0
1677512316377;2.169474846086028;2.0382;0
1677512316392;2.169474846086028;2.0382;0
1677512316414;2.169474846086028;2.0382;0
1677512316434;2.169474846086028;2.0382;0
1677512316459;2.169474846086028;2.0382;0
1677512316479;2.169474846086028;2.0382;0
1677512316496;2.169474846086028;2.0382;0
1677512316512;2.169474846086028;2.0382;0
1677512316543;2.169474846086028;2.0382;0
1677512316552;2.169474846086028;2.0382;0
1677512316574;2.169474846086028;2.0382;0
1677512316592;2.169474846086028;2.0382;0
1677512316617;2.169474846086028;2.0382;0
1677512316634;2.169474846086028;2.0382;0
1677512316659;2.169474846086028;2.0382;0
1677512316672;2.169474846086028;2.0382;0
1677512316692;2.169474846086028;2.0382;0
1677512316714;2.169474846086028;2.0382;0
1677512316740;2.169474846086028;2.0382;0
1677512316755;2.169474846086028;2.0382;0
1677512316775;2.169474846086028;2.0382;0
1677512316792;2.169474846086028;2.0382;0
1677512316818;2.169474846086028;2.0382;0
1677512316834;2.169474846086028;2.0382;0
1677512316857;2.169474846086028;2.0382;0
1677512316876;2.169474846086028;2.0382;0
1677512316894;2.169474846086028;2.0382;0
1677512316913;2.169474846086028;2.0382;0
1677512316939;2.169474846086028;2.0382;0
1677512316953;2.169474846086028;2.0382;0
1677512316975;2.169474846086028;2.0382;0
1677512316994;2.169474846086028;2.0382;0
1677512317012;2.169474846086028;2.0382;0
1677512317034;2.169474846086028;2.0382;0
1677512317059;2.169474846086028;2.0382;0
1677512317078;2.169474846086028;2.0382;0
1677512317093;2.169474846086028;2.0382;0
1677512317112;2.169474846086028;2.0382;0
1677512317137;2.169474846086028;2.0382;0
1677512317153;2.169474846086028;2.0382;0
1677512317176;2.169474846086028;2.0382;0
1677512317194;2.169474846086028;2.0382;0
1677512317218;2.169474846086028;2.0382;0
1677512317236;2.169474846086028;2.0382;0
1677512317258;2.169474846086028;2.0382;0
1677512317276;2.169474846086028;2.0382;0
1677512317293;2.169474846086028;2.0382;0
1677512317312;2.169474846086028;2.0382;0
1677512317338;2.169474846086028;2.0382;0
1677512317354;2.169474846086028;2.0382;0
1677512317375;2.169474846086028;2.0382;0
1677512317396;2.169474846086028;2.0382;0
1677512317418;2.169474846086028;2.0382;0
1677512317434;2.169474846086028;2.0382;0
1677512317458;2.169474846086028;2.0382;0
1677512317475;2.169474846086028;2.0382;0
1677512317492;2.169474846086028;2.0382;0
1677512317518;2.169474846086028;2.0382;0
1677512317540;2.169474846086028;2.0382;0
1677512317556;2.169474846086028;2.0382;0
1677512317575;2.169474846086028;2.0382;0
1677512317592;2.169474846086028;2.0382;0
1677512317620;2.169474846086028;2.0382;0
1677512317634;2.169474846086028;2.0382;0
1677512317652;2.169474846086028;2.0382;0
1677512317672;2.169474846086028;2.0382;0
1677512317692;2.169474846086028;2.0382;0
1677512317718;2.169474846086028;2.0382;0
1677512317741;2.169474846086028;2.0382;0
1677512317754;2.169474846086028;2.0382;0
1677512317774;2.169474846086028;2.0382;0
1677512317797;2.169474846086028;2.0382;0
1677512317818;2.169474846086028;2.0382;0
1677512317834;2.169474846086028;2.0382;0
1677512317858;2.169474846086028;2.0382;0
1677512317878;2.169474846086028;2.0382;0
1677512317896;2.169474846086028;2.0382;0
1677512317915;2.169474846086028;2.0382;0
1677512317934;2.169474846086028;2.0382;0
1677512317954;2.169474846086028;2.0382;0
1677512317976;2.169474846086028;2.0382;0
1677512317994;2.169474846086028;2.0382;0
1677512318016;2.169474846086028;2.0382;0
1677512318034;2.169474846086028;2.0382;0
1677512318060;2.169474846086028;2.0382;0
1677512318079;2.169474846086028;2.0382;0
1677512318096;2.169474846086028;2.0382;0
1677512318112;2.169474846086028;2.0382;0
1677512318137;2.169474846086028;2.0382;0
1677512318155;2.169474846086028;2.0382;0
1677512318176;2.169474846086028;2.0382;0
1677512318194;2.169474846086028;2.0382;0
1677512318215;2.169474846086028;2.0382;0
1677512318234;2.169474846086028;2.0382;0
1677512318259;2.169474846086028;2.0382;0
1677512318276;2.169474846086028;2.0382;0
1677512318295;2.169474846086028;2.0382;0
1677512318312;2.169474846086028;2.0382;0
1677512318338;2.169474846086028;2.0382;0
1677512318355;2.169474846086028;2.0382;0
1677512318375;2.169474846086028;2.0382;0
1677512318392;2.169474846086028;2.0382;0
1677512318420;2.169474846086028;2.0382;0
1677512318435;2.169474846086028;2.0382;0
1677512318457;2.169474846086028;2.0382;0
1677512318475;2.169474846086028;2.0382;0
1677512318498;2.169474846086028;2.0382;0
1677512318513;2.169474846086028;2.0382;0
1677512318541;2.169474846086028;2.0382;0
1677512318553;2.169474846086028;2.0382;0
1677512318575;2.169474846086028;2.0382;0
1677512318593;2.169474846086028;2.0382;0
1677512318619;2.169474846086028;2.0382;0
1677512318634;2.169474846086028;2.0382;0
1677512318658;2.169474846086028;2.0382;0
1677512318675;2.169474846086028;2.0382;0
1677512318692;2.169474846086028;2.0382;0
1677512318717;2.169474846086028;2.0382;0
1677512318741;2.169474846086028;2.0382;0
1677512318753;2.169474846086028;2.0382;0
1677512318775;2.169474846086028;2.0382;0
1677512318792;2.169474846086028;2.0382;0
1677512318818;2.169474846086028;2.0382;0
1677512318835;2.169474846086028;2.0382;0
1677512318859;2.169474846086028;2.0382;0
1677512318877;2.1133961594029893;2.0382;0
1677512318893;2.0573174727199506;2.0382;0
1677512318915;2.001238786036912;2.0382;0
1677512318937;1.9451600993538731;2.0382;0
1677512318953;1.8890814126708344;2.0382;0
1677512318979;1.8330027259877957;2.0382;0
1677512318994;1.776924039304757;2.0382;0
1677512319018;1.7208453526217182;2.0382;0
1677512319035;1.6647666659386795;2.0382;0
1677512319059;1.6086879792556408;2.0382;0
1677512319077;1.552609292572602;2.0382;0
1677512319093;1.4965306058895633;2.0382;0
1677512319113;1.4404519192065246;2.0382;0
1677512319137;1.3843732325234859;2.0382;0
1677512319156;1.3282945458404471;2.0382;0
1677512319176;1.2722158591574084;2.0382;0
1677512319194;1.2161371724743697;2.0382;0
1677512319218;1.160058485791331;2.0382;0
1677512319235;1.1039797991082922;2.0382;0
1677512319259;1.0479011124252535;2.0382;0
1677512319273;0.9918224257422145;2.0382;0
1677512319293;0.9357437390591735;2.0382;0
1677512319312;0.8796650523761326;2.0382;0
1677512319338;0.8235863656930916;2.0382;0
1677512319355;0.7675076790100507;2.0382;0
1677512319375;0.7114289923270097;2.0382;0
1677512319393;0.6553503056439688;2.0382;0
1677512319413;0.5992716189609278;2.0382;0
1677512319435;0.5431929322778869;2.0382;0
1677512319459;0.48711424559484623;2.0382;0
1677512319475;0.4310355589118064;2.0382;0
1677512319498;0.37495687222876656;2.0382;0
1677512319513;0.3188781855457267;2.0382;0
1677512319539;0.2627994988626869;2.0382;0
1677512319555;0.20672081217964705;2.0382;0
1677512319575;0.15064212549660722;2.0382;0
1677512319595;0.09456343881356723;2.0382;0
1677512319618;0.038484752130527176;2.0382;0
1677512319635;-0.017593934552512815;2.0382;0
1677512319658;-0.07367262123555282;2.0382;0
1677512319675;-0.1297513079185929;2.0382;0
1677512319698;-0.18582999460163274;2.0382;0
1677512319716;-0.24190868128467258;2.0382;0
1677512319742;-0.2979873679677124;2.0382;0
1677512319756;-0.35406605465075225;2.0382;0
1677512319775;-0.4101447413337921;2.0382;0
1677512319792;-0.4662234280168319;2.0382;0
1677512319818;-0.5223021146998722;2.0382;0
1677512319835;-0.5783808013829131;2.0382;0
1677512319857;-0.6344594880659541;2.0382;0
1677512319879;-0.6344594880659541;2.0382;0
1677512319894;-0.6344594880659541;2.0382;0
1677512319914;-0.6344594880659541;2.0382;0
1677512319939;-0.6344594880659541;2.0382;0
1677512319956;-0.6344594880659541;2.0382;0
1677512319977;-0.6344594880659541;2.0382;0
1677512319994;-0.6344594880659541;2.0382;0
1677512320018;-0.6344594880659541;2.0382;0
1677512320034;-0.6344594880659541;2.0382;0
1677512320059;-0.6344594880659541;2.0382;0
1677512320077;-0.6344594880659541;2.0382;0
1677512320093;-0.6344594880659541;2.0382;0
1677512320113;-0.6344594880659541;2.0382;0
1677512320138;-0.6344594880659541;2.0382;0
1677512320155;-0.6344594880659541;2.0382;0
1677512320176;-0.6344594880659541;2.0382;0
1677512320195;-0.6344594880659541;2.0382;0
1677512320212;-0.6344594880659541;2.0382;0
1677512320235;-0.6344594880659541;2.0382;0
1677512320257;-0.6344594880659541;2.0382;0
1677512320274;-0.6344594880659541;2.0382;0
1677512320295;-0.6344594880659541;2.0382;0
1677512320312;-0.6344594880659541;2.0382;0
1677512320337;-0.6344594880659541;2.0382;0
1677512320354;-0.6344594880659541;2.0382;0
1677512320377;-0.6344594880659541;2.0382;0
1677512320394;-0.6344594880659541;2.0382;0
1677512320412;-0.6344594880659541;2.0382;0
1677512320434;-0.6344594880659541;2.0382;0
1677512320459;-0.6344594880659541;2.0382;0
1677512320478;-0.6344594880659541;2.0382;0
1677512320499;-0.6344594880659541;2.0382;0
1677512320512;-0.6344594880659541;2.0382;0
1677512320537;-0.6344594880659541;2.0382;0
1677512320553;-0.6344594880659541;2.0382;0
1677512320575;-0.6344594880659541;2.0382;0
1677512320594;-0.6344594880659541;2.0382;0
1677512320614;-0.6344594880659541;2.0382;0
1677512320635;-0.6344594880659541;2.0382;0
1677512320659;-0.6344594880659541;2.0382;0
1677512320683;-0.6344594880659541;2.0382;0
1677512320696;-0.6344594880659541;2.0382;0
1677512320712;-0.6344594880659541;2.0382;0
1677512320742;-0.6344594880659541;2.0382;0
1677512320752;-0.6344594880659541;2.0382;0
1677512320775;-0.6344594880659541;2.0382;0
1677512320794;-0.6344594880659541;2.0382;0
1677512320815;-0.6344594880659541;2.0382;0
1677512320835;-0.6344594880659541;2.0382;0
1677512320859;-0.6344594880659541;2.0382;0
1677512320877;-0.6344594880659541;2.0382;0
1677512320895;-0.6344594880659541;2.0382;0
1677512320914;-0.6344594880659541;2.0382;0
1677512320939;-0.6344594880659541;2.0382;0
1677512320956;-0.6344594880659541;2.0382;0
1677512320976;-0.6344594880659541;2.0382;0
1677512320995;-0.6344594880659541;2.0382;0
1677512321013;-0.6344594880659541;2.0382;0
1677512321035;-0.6344594880659541;2.0382;0
1677512321061;-0.6344594880659541;2.0382;0
1677512321076;-0.6344594880659541;2.0382;0
1677512321094;-0.6344594880659541;2.0382;0
1677512321113;-0.6344594880659541;2.0382;0
1677512321133;-0.6344594880659541;2.0382;0
1677512321154;-0.6344594880659541;2.0382;0
1677512321177;-0.6344594880659541;2.0382;0
1677512321195;-0.6344594880659541;2.0382;0
1677512321214;-0.6344594880659541;2.0382;0
1677512321235;-0.6344594880659541;2.0382;0
1677512321259;-0.6344594880659541;2.0382;0
1677512321275;-0.6344594880659541;2.0382;0
1677512321296;-0.6344594880659541;2.0382;0
1677512321313;-0.6344594880659541;2.0382;0
1677512321338;-0.6344594880659541;2.0382;0
1677512321355;-0.6344594880659541;2.0382;0
1677512321375;-0.6344594880659541;2.0382;0
1677512321393;-0.6344594880659541;2.0382;0
1677512321418;-0.6344594880659541;2.0382;0
1677512321435;-0.6344594880659541;2.0382;0
1677512321459;-0.6344594880659541;2.0382;0
1677512321475;-0.6344594880659541;2.0382;0
1677512321497;-0.6344594880659541;2.0382;0
1677512321516;-0.6344594880659541;2.0382;0
1677512321542;-0.6344594880659541;2.0382;0
1677512321555;-0.6344594880659541;2.0382;0
1677512321575;-0.6344594880659541;2.0382;0
1677512321594;-0.6344594880659541;2.0382;0
1677512321618;-0.6344594880659541;2.0382;0
1677512321635;-0.6344594880659541;2.0382;0
1677512321659;-0.6344594880659541;2.0382;0
1677512321673;-0.6344594880659541;2.0382;0
1677512321700;-0.6344594880659541;2.0382;0
1677512321716;-0.6344594880659541;2.0382;0
1677512321742;-0.6344594880659541;2.0382;0
1677512321756;-0.6344594880659541;2.0382;0
1677512321775;-0.6344594880659541;2.0382;0
1677512321792;-0.6344594880659541;2.0382;0
1677512321818;-0.6344594880659541;2.0382;0
1677512321835;-0.6344594880659541;2.0382;0
1677512321859;-0.6344594880659541;2.0382;0
1677512321878;-0.6344594880659541;2.0382;0
1677512321895;-0.6344594880659541;2.0382;0
1677512321913;-0.6344594880659541;2.0382;0
1677512321938;-0.6344594880659541;2.0382;0
1677512321957;-0.6344594880659541;2.0382;0
